<?xml version="1.0" encoding="UTF-8"?>
<beans xmlns="http://www.springframework.org/schema/beans"
	xmlns:xsi="http://www.w3.org/2001/XMLSchema-instance" xmlns:context="http://www.springframework.org/schema/context"
	xmlns:jdbc="http://www.springframework.org/schema/jdbc" xmlns:jee="http://www.springframework.org/schema/jee"
	xmlns:tx="http://www.springframework.org/schema/tx" xmlns:task="http://www.springframework.org/schema/task"
	xsi:schemaLocation="
		http://www.springframework.org/schema/beans http://www.springframework.org/schema/beans/spring-beans-4.0.xsd
		http://www.springframework.org/schema/context http://www.springframework.org/schema/context/spring-context-4.0.xsd
		http://www.springframework.org/schema/jdbc http://www.springframework.org/schema/jdbc/spring-jdbc-4.0.xsd
		http://www.springframework.org/schema/jee http://www.springframework.org/schema/jee/spring-jee-4.0.xsd
		http://www.springframework.org/schema/tx http://www.springframework.org/schema/tx/spring-tx-4.0.xsd
		http://www.springframework.org/schema/task http://www.springframework.org/schema/task/spring-task-4.0.xsd">
	<description>Spring公共配置 </description>

	<!-- 配置Spring上下文的注解 -->
	<context:annotation-config />
	<!-- 使用annotation 自动注册bean, 并保证@Required、@Autowired的属性被注入 -->
	<context:component-scan base-package="com.hbsj">
		<context:exclude-filter type="annotation" expression="org.springframework.stereotype.Controller" />
	</context:component-scan>

	<!-- 属性文件位置 -->
	<context:property-placeholder location="classpath:*.properties" />
	<bean id="dataSource" class="org.springframework.jdbc.datasource.DriverManagerDataSource">
		<property name="driverClassName" value="${jdbc.driver}" />
		<property name="url" value="${jdbc.url}" />
		<property name="username" value="${jdbc.username}" />
		<property name="password" value="${jdbc.password}" />
	</bean>

	<bean id="sessionFactory"
		class="org.springframework.orm.hibernate5.LocalSessionFactoryBean">
		<property name="dataSource" ref="dataSource" />
		<property name="packagesToScan" value="com.hbsj.entity" />
		<property name="hibernateProperties">
			<props>
				<prop key="hibernate.dialect">${hibernate.dialect}</prop>
				<prop key="hibernate.show_sql">${hibernate.show_sql}</prop>
				<prop key="hibernate.hbm2ddl.auto">update</prop>
				<prop key="hibernate.format_sql">${hibernate.format_sql}</prop>
				<prop key="hibernate.useUnicode">${hibernate.useUnicode}</prop>
				<prop key="hibernate.characterEncoding">${hibernate.characterEncoding}</prop>
				<prop key="current_session_context_class">thread</prop>
			</props>
		</property>
	</bean>
	<!-- 使用annotation定义事务 -->
	<bean id="transactionManager"
		class="org.springframework.orm.hibernate5.HibernateTransactionManager">
		<property name="sessionFactory" ref="sessionFactory" />
	</bean>
	<tx:annotation-driven transaction-manager="transactionManager" proxy-target-class="true" />
	
	<!-- SpringMVC上传文件时，需要配置MultipartResolver处理器 -->
     <bean id="multipartResolver"
  class="org.springframework.web.multipart.commons.CommonsMultipartResolver">
         <property name="defaultEncoding" value="UTF-8" />
         <!-- 指定所上传文件的总大小不能超过200KB。注意maxUploadSize属性的限制不是针对单个文件，而是所有文件的容量之和 -->
         <property name="maxUploadSize" value="-1" />
     </bean>
 
     <!-- SpringMVC在超出上传文件限制时，会抛出org.springframework.web.multipart.MaxUploadSizeExceededException -->
     <!-- 该异常是SpringMVC在检查上传的文件信息时抛出来的，而且此时还没有进入到Controller方法中 -->
     <bean id="exceptionResolver"
         class="org.springframework.web.servlet.handler.SimpleMappingExceptionResolver">
         <property name="exceptionMappings">
             <props>
                 <!-- 遇到MaxUploadSizeExceededException异常时，自动跳转到XXX页面 -->
                 <prop
                    key="org.springframework.web.multipart.MaxUploadSizeExceededException">跳转XXX页面</prop>
             </props>
         </property>
     </bean> 

</beans>